Model,Input Size,Test Accuracy,Test Loss
Custom CNN,48x48,0.9847980737686157,0.04894689843058586
MobileNetV2 (pre-trained),96x96,0.8094220161437988,0.7332270741462708
